{
	"groups": [
		{
			"keys": "bg_jpg,egret_icon_png,description_json,bamboo_down,bamboo_up,bg_grass,body,cloud,flower,sky,stone",
			"name": "preload"
		}
	],
	"resources": [
		{
			"url": "assets/bg.jpg",
			"type": "image",
			"name": "bg_jpg"
		},
		{
			"url": "assets/egret_icon.png",
			"type": "image",
			"name": "egret_icon_png"
		},
		{
			"url": "config/description.json",
			"type": "json",
			"name": "description_json"
		},
		{
			"url": "assets/bamboo_down.png",
			"type": "image",
			"name": "bamboo_down"
		},
		{
			"url": "assets/bamboo_up.png",
			"type": "image",
			"name": "bamboo_up"
		},
		{
			"url": "assets/bg.png",
			"type": "image",
			"name": "bg_grass"
		},
		{
			"url": "assets/body.png",
			"type": "image",
			"name": "body"
		},
		{
			"url": "assets/cloud.png",
			"type": "image",
			"name": "cloud"
		},
		{
			"url": "assets/flower.png",
			"type": "image",
			"name": "flower"
		},
		{
			"url": "assets/sky.jpg",
			"type": "image",
			"name": "sky"
		},
		{
			"url": "assets/stone.png",
			"type": "image",
			"name": "stone"
		}
	]
}